Bloc,Zone,FGDB
00,Région hydrographique 00,https://diffusion.mern.gouv.qc.ca/diffusion/RGQ/Vectoriel/Carte_Topo/Local/GRHQ/FGDB/00/00.zip
01,Région hydrographique 01,https://diffusion.mern.gouv.qc.ca/diffusion/RGQ/Vectoriel/Carte_Topo/Local/GRHQ/FGDB/01/01.zip
02,Région hydrographique 02,https://diffusion.mern.gouv.qc.ca/diffusion/RGQ/Vectoriel/Carte_Topo/Local/GRHQ/FGDB/02/02.zip
03,Région hydrographique 03,https://diffusion.mern.gouv.qc.ca/diffusion/RGQ/Vectoriel/Carte_Topo/Local/GRHQ/FGDB/03/03.zip
04,Région hydrographique 04,https://diffusion.mern.gouv.qc.ca/diffusion/RGQ/Vectoriel/Carte_Topo/Local/GRHQ/FGDB/04/04.zip
05,Région hydrographique 05,https://diffusion.mern.gouv.qc.ca/diffusion/RGQ/Vectoriel/Carte_Topo/Local/GRHQ/FGDB/05/05.zip
06,Région hydrographique 06,https://diffusion.mern.gouv.qc.ca/diffusion/RGQ/Vectoriel/Carte_Topo/Local/GRHQ/FGDB/06/06.zip
07_1,Région hydrographique 07 - Partie 1,https://diffusion.mern.gouv.qc.ca/diffusion/RGQ/Vectoriel/Carte_Topo/Local/GRHQ/FGDB/07_1/07_1.zip
07_2,Région hydrographique 07 - Partie 2,https://diffusion.mern.gouv.qc.ca/diffusion/RGQ/Vectoriel/Carte_Topo/Local/GRHQ/FGDB/07_2/07_2.zip
08,Région hydrographique 08,https://diffusion.mern.gouv.qc.ca/diffusion/RGQ/Vectoriel/Carte_Topo/Local/GRHQ/FGDB/08/08.zip
09_1,Région hydrographique 09 - Partie 1,https://diffusion.mern.gouv.qc.ca/diffusion/RGQ/Vectoriel/Carte_Topo/Local/GRHQ/FGDB/09_1/09_1.zip
09_2,Région hydrographique 09 - Partie 2,https://diffusion.mern.gouv.qc.ca/diffusion/RGQ/Vectoriel/Carte_Topo/Local/GRHQ/FGDB/09_2/09_2.zip
09_3,Région hydrographique 09 - Partie 3,https://diffusion.mern.gouv.qc.ca/diffusion/RGQ/Vectoriel/Carte_Topo/Local/GRHQ/FGDB/09_3/09_3.zip
10_1,Région hydrographique 10 - Partie 1,https://diffusion.mern.gouv.qc.ca/diffusion/RGQ/Vectoriel/Carte_Topo/Local/GRHQ/FGDB/10_1/10_1.zip
10_2,Région hydrographique 10 - Partie 2,https://diffusion.mern.gouv.qc.ca/diffusion/RGQ/Vectoriel/Carte_Topo/Local/GRHQ/FGDB/10_2/10_2.zip
14,Région hydrographique 14,https://diffusion.mern.gouv.qc.ca/diffusion/RGQ/Vectoriel/Carte_Topo/Local/GRHQ/FGDB/14/14.zip
